Contract Year,Contract ID,URL,Response Format
2027,"H0028 - CHA HMO, INC.",https://fhir.humana.com/api,FHIR JSON
2027,"H0029 - COORDINATED CARE OF WASHINGTON, INC.",,
2027,"H0034 - HAMASPIK, INC.",,
2027,"H0062 - SUPERIOR HEALTHPLAN, INC.",,
2027,"H0074 - WELLCARE OF MISSISSIPPI, INC.",,
2027,H0104 - BLUE CROSS AND BLUE SHIELD OF ALABAMA,https://employers.bcbsal.org/portal/documents/d/guest/index-json,FHIR JSON
2027,H0107 - HEALTH CARE SERVICE CORPORATION,,
2027,"H0111 - WELLCARE OF GEORGIA, INC.",,
2027,"H0154 - VIVA HEALTH, INC.",,
2027,"H0169 - UNITEDHEALTHCARE OF WISCONSIN, INC.",,
2027,"H0174 - WELLCARE OF TEXAS, INC.",,
2027,"H0251 - UNITEDHEALTHCARE PLAN OF THE RIVER VALLEY, INC.",,
2027,H0270 - WELLCARE HEALTH INSURANCE COMPANY OF AMERICA,,
2027,"H0292 - HUMANA HEALTH PLAN OF OHIO, INC.",https://fhir.humana.com/api,FHIR JSON
2027,H0294 - UNITEDHEALTHCARE INSURANCE COMPANY,,
2027,"H0302 - MEDISUN, INC.",https://inno-cms-prd-pb.s3.us-east-1.amazonaws.com/bcbsaz_2027/index.json,FHIR JSON
2027,"H0321 - ARIZONA PHYSICIANS IPA, INC.",,
2027,"H0332 - KS PLAN ADMINISTRATORS, LLC",,
2027,"H0351 - HEALTH NET OF ARIZONA, INC.",,
2027,"H0354 - BRAVO HEALTH PENNSYLVANIA, INC.",https://data.healthspring.healthlx.com:8003/,FHIR JSON
2027,"H0363 - LONGEVITY HEALTH PLAN OF COLORADO, INC.",,
2027,H0413 - DEVOTED HEALTH INSURANCE COMPANY OF DELAWARE,https://fhir.devoted.com/H0413/2026,FHIR JSON
2027,H0421 - CARE IMPROVEMENT PLUS SOUTH CENTRAL INSURANCE CO.,,
2027,"H0423 - METROPLUS HEALTH PLAN, INC.",,
2027,"H0432 - UNITEDHEALTHCARE OF THE MIDLANDS, INC.",,
2027,"H0439 - HEALTHSPRING LIFE & HEALTH INSURANCE COMPANY, INC.",https://data.healthspring.healthlx.com:8003/,FHIR JSON
2027,H0473 - HUMANA INSURANCE COMPANY OF KENTUCKY,https://fhir.humana.com/api,FHIR JSON
2027,H0504 - CALIFORNIA PHYSICIANS' SERVICE,https://cloud-api.blueshieldca.com/fhir-cms-client/api/cms-export/H0504/2026,FHIR JSON
2027,H0523 - AETNA HEALTH OF CALIFORNIA INC.,https://apif1.aetna.com/fhir/v1/providerdirectorydata/healthcareservice https://apif1.aetna.com/fhir/v1/providerdirectorydata/insuranceplan https://apif1.aetna.com/fhir/v1/providerdirectorydata/location https://apif1.aetna.com/fhir/v1/providerdirectorydata/organization https://apif1.aetna.com/fhir/v1/providerdirectorydata/organizationaffiliation https://apif1.aetna.com/fhir/v1/providerdirectorydata/practitioner https://apif1.aetna.com/fhir/v1/providerdirectorydata/practitionerrole,FHIR JSON
2027,"H0524 - KAISER FOUNDATION HP, INC.",,
2027,H0543 - UHC OF CALIFORNIA,,
2027,H0544 - BLUE CROSS OF CALIFORNIA,,
2027,"H0562 - HEALTH NET OF CALIFORNIA, INC.",,
2027,H0571 - CHINESE COMMUNITY HEALTH PLAN,,
2027,"H0609 - UnitedHealthcare Benefits of Texas, Inc.",,
2027,"H0624 - UnitedHealthcare Benefits of Texas, Inc.",,
2027,H0628 - AETNA HEALTH OF OHIO INC.,https://apif1.aetna.com/fhir/v1/providerdirectorydata/healthcareservice https://apif1.aetna.com/fhir/v1/providerdirectorydata/insuranceplan https://apif1.aetna.com/fhir/v1/providerdirectorydata/location https://apif1.aetna.com/fhir/v1/providerdirectorydata/organization https://apif1.aetna.com/fhir/v1/providerdirectorydata/organizationaffiliation https://apif1.aetna.com/fhir/v1/providerdirectorydata/practitioner https://apif1.aetna.com/fhir/v1/providerdirectorydata/practitionerrole,FHIR JSON
2027,"H0629 - ANTHEM INSURANCE COMPANIES, INC.",,
2027,H0630 - KAISER FOUNDATION HP OF CO,,
2027,"H0672 - HEALTHSPRING HEALTHCARE OF COLORADO, INC.",https://data.healthspring.healthlx.com:8003/,FHIR JSON
2027,H0710 - CARE IMPROVEMENT PLUS SOUTH CENTRAL INSURANCE CO.,,
2027,"H0712 - WELLCARE OF CONNECTICUT, INC.",,
2027,"H0738 - AmeriHealth Caritas VIP Next, Inc.",,
2027,H0755 - CARE IMPROVEMENT PLUS SOUTH CENTRAL INSURANCE CO.,,
2027,"H0764 - UNITEDHEALTHCARE OF NEW ENGLAND, INC.",,
2027,"H0777 - MASS GENERAL BRIGHAM HEALTH PLAN, INC",,
2027,"H0816 - BESHP, INC.",,
2027,"H0907 - WELLPOINT IOWA, INC.",,
2027,"H0908 - BUCKEYE COMMUNITY HEALTH PLAN, INC.",,
2027,"H0913 - WELLCARE HEALTH PLANS OF NEW JERSEY, INC.",,
2027,"H0963 - HUMANA MEDICAL PLAN OF MICHIGAN, INC.",https://fhir.humana.com/api,FHIR JSON
2027,H0976 - SCAN HEALTH PLAN,,
2027,"H0978 - SCAN HEALTH PLAN NEVADA, INC.",,
2027,"H0982 - SOLIS HEALTH PLANS, INC.",https://solisapigwprovider.azurewebsites.net/api/provider-directory/H0982/001/000/fhir.json,FHIR JSON
2027,"H1019 - CAREPLUS HEALTH PLANS, INC.",https://fhir.humana.com/api,FHIR JSON
2027,"H1032 - Sunshine State Health Plan, Inc.",,
2027,"H1035 - FLORIDA BLUE MEDICARE, INC.",,
2027,"H1036 - HUMANA MEDICAL PLAN, INC.",https://fhir.humana.com/api,FHIR JSON
2027,"H1045 - PREFERRED CARE PARTNERS, INC.",,
2027,H1099 - HEALTH FIRST HEALTH PLANS,https://epicproxy-np.et1433.epichosted.com/FHIRProxyTST/api/FHIR/BulkPublish/Public/PlanNet,FHIR JSON
2027,H1109 - AETNA HEALTH INC. (GA),https://apif1.aetna.com/fhir/v1/providerdirectorydata/healthcareservice https://apif1.aetna.com/fhir/v1/providerdirectorydata/insuranceplan https://apif1.aetna.com/fhir/v1/providerdirectorydata/location https://apif1.aetna.com/fhir/v1/providerdirectorydata/organization https://apif1.aetna.com/fhir/v1/providerdirectorydata/organizationaffiliation https://apif1.aetna.com/fhir/v1/providerdirectorydata/practitioner https://apif1.aetna.com/fhir/v1/providerdirectorydata/practitionerrole,FHIR JSON
2027,"H1112 - WELLCARE OF GEORGIA, INC.",,
2027,"H1119 - TSG GUARD, INC.",,
2027,"H1170 - KAISER FOUNDATION HP OF GA, INC.",,
2027,H1181 - NETWORK HEALTH INSURANCE CORPORATION,,
2027,"H1206 - COVENTRY HEALTH CARE OF ILLINOIS, INC.",https://apif1.aetna.com/fhir/v1/providerdirectorydata/healthcareservice https://apif1.aetna.com/fhir/v1/providerdirectorydata/insuranceplan https://apif1.aetna.com/fhir/v1/providerdirectorydata/location https://apif1.aetna.com/fhir/v1/providerdirectorydata/organization https://apif1.aetna.com/fhir/v1/providerdirectorydata/organizationaffiliation https://apif1.aetna.com/fhir/v1/providerdirectorydata/practitioner https://apif1.aetna.com/fhir/v1/providerdirectorydata/practitionerrole,FHIR JSON
2027,"H1212 - WELLPOINT WEST VIRGINIA , INC.",,
2027,"H1215 - NEBRASKA TOTAL CARE, INC.",,
2027,H1224 - LOCAL INITIATIVE HEALTH AUTHORITY FOR LA COUNTY,https://us107.ir4.edifecscloud.com/lac/fhir/pd/R4/Practitioner,FHIR JSON
2027,"H1225 - HOPKINS HEALTH ADVANTAGE, INC.",,
2027,"H1230 - KAISER FOUNDATION HP, INC.",,
2027,H1248 - LOUISIANA HEALTH SERVICE & INDEMNITY COMPANY,https://cdn.lablue.com/cms/H1248/H1248index.json,Machine-readable JSON
2027,H1278 - CARE IMPROVEMENT PLUS SOUTH CENTRAL INSURANCE CO.,,
2027,"H1280 - ETERNALHEALTH, INC.",,
2027,"H1285 - UNITEDHEALTHCARE COMMUNITY PLAN OF OHIO, INC.",,
2027,"H1290 - DEVOTED HEALTH PLAN OF FLORIDA, INC.",https://fhir.devoted.com/H1290/2026,FHIR JSON
2027,"H1302 - BLUE CROSS OF IDAHO HEALTH SERVICE, INC.",,
2027,"H1339 - JOHNS HOPKINS HEALTH PLAN OF VIRGINIA, INC.",,
2027,"H1350 - BLUE CROSS OF IDAHO HEALTH SERVICE, INC.",,
2027,"H1360 - UnitedHealthcare Benefits of Texas, Inc.",,
2027,"H1365 - MARTIN'S POINT GENERATIONS ADVANTAGE, INC.",,
2027,"H1372 - MARQUIS ADVANTAGE, INC.",,
2027,H1390 - DEVOTED HEALTH INSURANCE COMPANY OF NEW JERSEY,https://fhir.devoted.com/H1390/2027,FHIR JSON
2027,"H1396 - HUMANA BENEFIT PLAN OF SOUTH CAROLINA, INC.",https://fhir.humana.com/api,FHIR JSON
2027,"H1416 - HARMONY HEALTH PLAN,  INC.",,
2027,"H1423 - WELLPOINT HEALTH PLANS, INC.",,
2027,"H1468 - HUMANA BENEFIT PLAN OF ILLINOIS, INC.",https://fhir.humana.com/api,FHIR JSON
2027,"H1486 - COMMONWEALTH CARE ALLIANCE, INC.",,
2027,H1526 - GOLD KIDNEY OF FLORIDA INC,,
2027,"H1587 - ARKANSAS SUPERIOR SELECT, INC.",,
2027,"H1607 - ANTHEM INSURANCE COMPANIES, INC.",,
2027,H1608 - COVENTRY HEALTH AND LIFE INSURANCE COMPANY,https://apif1.aetna.com/fhir/v1/providerdirectorydata/healthcareservice https://apif1.aetna.com/fhir/v1/providerdirectorydata/insuranceplan https://apif1.aetna.com/fhir/v1/providerdirectorydata/location https://apif1.aetna.com/fhir/v1/providerdirectorydata/organization https://apif1.aetna.com/fhir/v1/providerdirectorydata/organizationaffiliation https://apif1.aetna.com/fhir/v1/providerdirectorydata/practitioner https://apif1.aetna.com/fhir/v1/providerdirectorydata/practitionerrole,FHIR JSON
2027,H1609 - AETNA HEALTH INC. (FL),https://apif1.aetna.com/fhir/v1/providerdirectorydata/healthcareservice https://apif1.aetna.com/fhir/v1/providerdirectorydata/insuranceplan https://apif1.aetna.com/fhir/v1/providerdirectorydata/location https://apif1.aetna.com/fhir/v1/providerdirectorydata/organization https://apif1.aetna.com/fhir/v1/providerdirectorydata/organizationaffiliation https://apif1.aetna.com/fhir/v1/providerdirectorydata/practitioner https://apif1.aetna.com/fhir/v1/providerdirectorydata/practitionerrole,FHIR JSON
2027,"H1610 - COVENTRY HEALTH CARE OF VIRGINIA, INC.",https://apif1.aetna.com/fhir/v1/providerdirectorydata/healthcareservice https://apif1.aetna.com/fhir/v1/providerdirectorydata/insuranceplan https://apif1.aetna.com/fhir/v1/providerdirectorydata/location https://apif1.aetna.com/fhir/v1/providerdirectorydata/organization https://apif1.aetna.com/fhir/v1/providerdirectorydata/organizationaffiliation https://apif1.aetna.com/fhir/v1/providerdirectorydata/practitioner https://apif1.aetna.com/fhir/v1/providerdirectorydata/practitionerrole,FHIR JSON
2027,"H1611 - MASS GENERAL BRIGHAM HEALTH PLAN, INC",,
2027,H1619 - PARTNERS INSURANCE COMPANY INC,,
2027,"H1644 - LONGEVITY HEALTH PLAN OF FLORIDA, INC.",,
2027,H1659 - CARE IMPROVEMENT PLUS SOUTH CENTRAL INSURANCE CO.,,
2027,"H1664 - HOME STATE HEALTH PLAN, INC.",,
2027,H1666 - HCSC INSURANCE SERVICES COMPANY,,
2027,H1671 - IMPERIAL COUNTY LOCAL HEALTH AUTHORITY,,
2027,"H1692 - COVENTRY HEALTH CARE OF WEST VIRGINIA, INC.",https://apif1.aetna.com/fhir/v1/providerdirectorydata/healthcareservice https://apif1.aetna.com/fhir/v1/providerdirectorydata/insuranceplan https://apif1.aetna.com/fhir/v1/providerdirectorydata/location https://apif1.aetna.com/fhir/v1/providerdirectorydata/organization https://apif1.aetna.com/fhir/v1/providerdirectorydata/organizationaffiliation https://apif1.aetna.com/fhir/v1/providerdirectorydata/practitioner https://apif1.aetna.com/fhir/v1/providerdirectorydata/practitionerrole,FHIR JSON
2027,"H1722 - HEALTHFIRST HEALTH PLAN, INC.",https://d17y0kd1bpes7q.cloudfront.net/cms-mpf/CY2027/H1722/index.json,FHIR JSON
2027,"H1769 - VNA HOMECARE OPTIONS, LLC",,
2027,H1787 - SANFORD HEALTH PLAN,,
2027,"H1799 - MOLINA HEALTHCARE OF KENTUCKY, INC.",,
2027,"H1822 - SCAN DESERT HEALTH PLAN, INC.",,
2027,"H1823 - HEALTHY MISSISSIPPI, INC.",,
2027,H1846 - MOUNT CARMEL HEALTH INSURANCE COMPANY,,
2027,"H1862 - WELLCARE OF IOWA, INC.",,
2027,H1889 - CARE IMPROVEMENT PLUS SOUTH CENTRAL INSURANCE CO.,,
2027,"H1914 - WELLCARE HEALTH INSURANCE OF CONNECTICUT, INC.",,
2027,"H1947 - COMMUNITY CARE HEALTH PLAN OF LOUISIANA, INC.",,
2027,"H1951 - HUMANA HEALTH BENEFIT PLAN OF LOUISIANA, INC.",https://fhir.humana.com/api,FHIR JSON
2027,"H1961 - PEOPLES HEALTH, INC.",,
2027,"H1993 - ASTIVA HEALTH, INC.",,
2027,"H1994 - SELECTHEALTH, INC.",https://ebu.intermountainhealthcare.org/shprovider/indexma.json,Machine-readable JSON
2027,H1997 - REGENCE BLUESHIELD,,
2027,"H2001 - SIERRA HEALTH AND LIFE INSURANCE COMPANY, INC.",,
2027,H2032 - Baylor Scott & White Insurance Company,,
2027,"H2034 - COMMUNITY CARE HEALTH PLAN, INC.",,
2027,H2035 - ALAMEDA ALLIANCE FOR HEALTH,,
2027,H2041 - DEVOTED HEALTH PLAN OF MISSOURI INC,https://fhir.devoted.com/H2041/2026,FHIR JSON
2027,H2056 - AETNA BETTER HEALTH OF MICHIGAN INC.,https://apif1.aetna.com/fhir/v1/providerdirectorydata/healthcareservice https://apif1.aetna.com/fhir/v1/providerdirectorydata/insuranceplan https://apif1.aetna.com/fhir/v1/providerdirectorydata/location https://apif1.aetna.com/fhir/v1/providerdirectorydata/organization https://apif1.aetna.com/fhir/v1/providerdirectorydata/organizationaffiliation https://apif1.aetna.com/fhir/v1/providerdirectorydata/practitioner https://apif1.aetna.com/fhir/v1/providerdirectorydata/practitionerrole,FHIR JSON
2027,"H2108 - BRAVO HEALTH MID-ATLANTIC, INC.",https://data.healthspring.healthlx.com:8003/,FHIR JSON
2027,H2126 - NEIGHBORHOOD HEALTH PLAN OF RHODE ISLAND,,
2027,H2168 - VILLAGE SENIOR SERVICES CORPORATION,https://fhir-app-portal.villagecare.aidbox.io/mpf-provider-directory/H2168/2026/index.json,FHIR JSON
2027,H2172 - KAISER FDTN HLTH PLAN OF THE MID-ATLANTIC STATES,,
2027,"H2174 - TRILLIUM COMMUNITY HEALTH PLAN, INC.",,
2027,"H2185 - LIFEWORKS ADVANTAGE, LLC",,
2027,"H2224 - SENIOR WHOLE HEALTH, LLC",,
2027,"H2225 - COMMONWEALTH CARE ALLIANCE, INC.",,
2027,"H2226 - UnitedHealthcare of New England, Inc.",,
2027,"H2230 - BCBS  OF MASSACHUSETTS HMO BLUE, INC.",,
2027,"H2235 - BAYCARE SELECT HEALTH PLANS, INC.",,
2027,H2237 - INDEPENDENT CARE HEALTH PLAN,https://fhir.humana.com/api,FHIR JSON
2027,"H2247 - UNITEDHEALTHCARE COMMUNITY PLAN, INC.",,
2027,H2256 - TUFTS ASSOCIATED HEALTH MAINTENANCE ORGANIZATION,,
2027,"H2261 - BCBS  OF MASSACHUSETTS HMO BLUE, INC.",,
2027,"H2272 - UNITEDHEALTHCARE OF NEW ENGLAND, INC.",,
2027,H2292 - CARE IMPROVEMENT PLUS SOUTH CENTRAL INSURANCE CO.,,
2027,H2293 - SILVERSCRIPT INSURANCE COMPANY,https://apif1.aetna.com/fhir/v1/providerdirectorydata/healthcareservice https://apif1.aetna.com/fhir/v1/providerdirectorydata/insuranceplan https://apif1.aetna.com/fhir/v1/providerdirectorydata/location https://apif1.aetna.com/fhir/v1/providerdirectorydata/organization https://apif1.aetna.com/fhir/v1/providerdirectorydata/organizationaffiliation https://apif1.aetna.com/fhir/v1/providerdirectorydata/practitioner https://apif1.aetna.com/fhir/v1/providerdirectorydata/practitionerrole,FHIR JSON
2027,H2320 - PRIORITY HEALTH,,
2027,H2322 - ALLIANCE HEALTH AND LIFE INSURANCE COMPANY,,
2027,H2354 - HEALTH ALLIANCE PLAN OF MICHIGAN,,
2027,H2385 - UNITEDHEALTHCARE INSURANCE COMPANY,,
2027,"H2392 - KANSAS SUPERIOR SELECT, INC.",https://api-ahp-prd.safhir.io/v1/api/provider-directory/metadata,FHIR JSON
2027,"H2400 - SIGNATURE ADVANTAGE, LLC",,
2027,H2406 - CARE IMPROVEMENT PLUS SOUTH CENTRAL INSURANCE CO.,,
2027,H2416 - PRIMEWEST RURAL MN HEALTH CARE ACCESS INITIATIVE,,
2027,H2417 - ITASCA MEDICAL CARE,https://itascacountymn.gov/DocumentCenter/View/12887/MPF-Index-File,Machine-readable JSON
2027,H2419 - SOUTH COUNTRY HEALTH ALLIANCE,,
2027,"H2422 - HEALTHPARTNERS, INC.",,
2027,H2425 - HMO Minnesota,,
2027,"H2441 - ANTHEM INSURANCE COMPANIES, INC.",,
2027,"H2445 - UNITEDHEALTHCARE OF THE MID-ATLANTIC, INC.",,
2027,H2458 - MEDICA HEALTH PLANS,,
2027,"H2463 - HUMANA HEALTH PLAN OF TEXAS, INC.",https://fhir.humana.com/api,FHIR JSON
2027,"H2486 - HUMANA MEDICAL PLAN OF UTAH, INC.",https://fhir.humana.com/api,FHIR JSON
2027,"H2491 - WELLCARE HEALTH INSURANCE OF ARIZONA, INC.",,
2027,"H2509 - UNITEDHEALTHCARE OF FLORIDA, INC.",,
2027,H2526 - DEVOTED HEALTH PLAN OF OHIO INC,https://fhir.devoted.com/H2526/2026,FHIR JSON
2027,H2561 - HAWAII MEDICAL SERVICE ASSOCIATION (HMSA),,
2027,H2563 - SENTARA HEALTH PLANS,,
2027,"H2564 - AMERIHEALTH CARITAS LOUISIANA, INC.",,
2027,"H2593 - WELLPOINT TEXAS, INC.",,
2027,"H2610 - ESSENCE HEALTHCARE, INC.",,
2027,H2624 - CARE N' CARE INSURANCE COMPANY OF NORTH CAROLINA,,
2027,H2628 - COMMUNITY INSURANCE COMPANY,,
2027,"H2630 - VERDA HEALTH PLAN OF ARIZONA, INC.",,
2027,"H2663 - COVENTRY HEALTH CARE OF MISSOURI, INC.",https://apif1.aetna.com/fhir/v1/providerdirectorydata/healthcareservice https://apif1.aetna.com/fhir/v1/providerdirectorydata/insuranceplan https://apif1.aetna.com/fhir/v1/providerdirectorydata/location https://apif1.aetna.com/fhir/v1/providerdirectorydata/organization https://apif1.aetna.com/fhir/v1/providerdirectorydata/organizationaffiliation https://apif1.aetna.com/fhir/v1/providerdirectorydata/practitioner https://apif1.aetna.com/fhir/v1/providerdirectorydata/practitionerrole,FHIR JSON
2027,H2686 - DEVOTED HEALTH INSURANCE COMPANY OF HAWAII INC,https://fhir.devoted.com/H2686/2026,FHIR JSON
2027,"H2694 - ETERNALHEALTH, INC.",,
2027,"H2697 - DEVOTED HEALTH PLAN OF OHIO, INC.",https://fhir.devoted.com/H2697/2026,FHIR JSON
2027,"H2704 - KAISER FOUNDATION HP, INC.",,
2027,"H2736 - UNITEDHEALTHCARE COMMUNITY PLAN, INC.",,
2027,"H2737 - HEALTH NEW ENGLAND, INC.",,
2027,"H2752 - BRAVO HEALTH PENNSYLVANIA, INC.",https://data.healthspring.healthlx.com:8003/,FHIR JSON
2027,H2775 - AMERICAN PROGRESSIVE LIFE & HLTH INS COMPANY OF NY,,
2027,"H2802 - UNITEDHEALTHCARE OF THE MIDLANDS, INC.",,
2027,H2816 - AMERICAN PROGRESSIVE LIFE & HLTH INS COMPANY OF NY,,
2027,H2819 - CALIFORNIA PHYSICIANS' SERVICE,https://cloud-api.blueshieldca.com/fhir-cms-client/api/cms-export/H2819/2026,FHIR JSON
2027,"H2836 - ANTHEM HEALTH PLANS, INC.",,
2027,H2845 - DEVOTED HEALTH INSURANCE COMPANY OF OKLAHOMA,https://fhir.devoted.com/H2845/2026,FHIR JSON
2027,"H2851 - NATIVE ADVANTAGE, INC.",,
2027,H2875 - HUMANA WI HEALTH ORGANIZATION INSURANCE CORP,https://fhir.humana.com/api,FHIR JSON
2027,"H2915 - PENNSYLVANIA HEALTH & WELLNESS, INC.",,
2027,H2923 - DEVOTED HEALTH PLAN OF OREGON INC,https://fhir.devoted.com/H2923/2026,FHIR JSON
2027,H2926 - PRIMEWEST RURAL MN HEALTH CARE ACCESS INITIATIVE,,
2027,H2942 - COX HEALTH SYSTEMS HMO INC,,
2027,"H2960 - HOMETOWN HEALTH PLAN, INC.",,
2027,"H2962 - ULTIMATE HEALTH PLANS, INC.",,
2027,"H3012 - ST. LUKE'S HEALTH PLAN, INC.",,
2027,H3038 - MOLINA HEALTHCARE OF CALIFORNIA,,
2027,H3041 - DEVOTED HEALTH PLAN OF SOUTH CAROLINA INC,https://fhir.devoted.com/H3041/2026,FHIR JSON
2027,H3048 - SECUR INC,,
2027,H3080 - DEVOTED HEALTH PLAN OF ALABAMA INC,https://fhir.devoted.com/H3080/2026,FHIR JSON
2027,"H3093 - MOLINA HEALTHCARE OF ILLINOIS, INC.",,
2027,"H3113 - OXFORD HEALTH PLANS (NJ), INC.",,
2027,H3124 - PARTNERS INSURANCE COMPANY OF NEW JERSEY INC,,
2027,"H3127 - UPPER PENINSULA HEALTH PLAN, LLC",,
2027,H3146 - AETNA BETTER HEALTH INC. (GA),https://apif1.aetna.com/fhir/v1/providerdirectorydata/healthcareservice https://apif1.aetna.com/fhir/v1/providerdirectorydata/insuranceplan https://apif1.aetna.com/fhir/v1/providerdirectorydata/location https://apif1.aetna.com/fhir/v1/providerdirectorydata/organization https://apif1.aetna.com/fhir/v1/providerdirectorydata/organizationaffiliation https://apif1.aetna.com/fhir/v1/providerdirectorydata/practitioner https://apif1.aetna.com/fhir/v1/providerdirectorydata/practitionerrole,FHIR JSON
2027,H3152 - AETNA HEALTH INC. (NJ),https://apif1.aetna.com/fhir/v1/providerdirectorydata/healthcareservice https://apif1.aetna.com/fhir/v1/providerdirectorydata/insuranceplan https://apif1.aetna.com/fhir/v1/providerdirectorydata/location https://apif1.aetna.com/fhir/v1/providerdirectorydata/organization https://apif1.aetna.com/fhir/v1/providerdirectorydata/organizationaffiliation https://apif1.aetna.com/fhir/v1/providerdirectorydata/practitioner https://apif1.aetna.com/fhir/v1/providerdirectorydata/practitionerrole,FHIR JSON
2027,"H3170 - SAPPHIRE EDGE, INC.",,
2027,H3186 - SANFORD HEALTH PLAN OF MINNESOTA,,
2027,H3192 - AETNA HEALTH OF MICHIGAN INC.,https://apif1.aetna.com/fhir/v1/providerdirectorydata/healthcareservice https://apif1.aetna.com/fhir/v1/providerdirectorydata/insuranceplan https://apif1.aetna.com/fhir/v1/providerdirectorydata/location https://apif1.aetna.com/fhir/v1/providerdirectorydata/organization https://apif1.aetna.com/fhir/v1/providerdirectorydata/organizationaffiliation https://apif1.aetna.com/fhir/v1/providerdirectorydata/practitioner https://apif1.aetna.com/fhir/v1/providerdirectorydata/practitionerrole,FHIR JSON
2027,H3204 - PRESBYTERIAN HEALTH PLAN,,
2027,H3219 - ALLINA HEALTH AND AETNA INSURANCE COMPANY,https://apif1.aetna.com/fhir/v1/providerdirectorydata/healthcareservice https://apif1.aetna.com/fhir/v1/providerdirectorydata/insuranceplan https://apif1.aetna.com/fhir/v1/providerdirectorydata/location https://apif1.aetna.com/fhir/v1/providerdirectorydata/organization https://apif1.aetna.com/fhir/v1/providerdirectorydata/organizationaffiliation https://apif1.aetna.com/fhir/v1/providerdirectorydata/practitioner https://apif1.aetna.com/fhir/v1/providerdirectorydata/practitionerrole,FHIR JSON
2027,"H3239 - AETNA BETTER HEALTH, INC. (LA)",https://apif1.aetna.com/fhir/v1/providerdirectorydata/healthcareservice https://apif1.aetna.com/fhir/v1/providerdirectorydata/insuranceplan https://apif1.aetna.com/fhir/v1/providerdirectorydata/location https://apif1.aetna.com/fhir/v1/providerdirectorydata/organization https://apif1.aetna.com/fhir/v1/providerdirectorydata/organizationaffiliation https://apif1.aetna.com/fhir/v1/providerdirectorydata/practitioner https://apif1.aetna.com/fhir/v1/providerdirectorydata/practitionerrole,FHIR JSON
2027,"H3240 - WELLPOINT NEW JERSEY, INC.",,
2027,H3256 - CARE IMPROVEMENT PLUS SOUTH CENTRAL INSURANCE CO.,,
2027,H3259 - VOLUNTEER STATE HEALTH PLAN,,
2027,H3274 - ALIGN SENIOR CARE CALIFORNIA INC.,,
2027,H3288 - AETNA HEALTH AND LIFE INSURANCE COMPANY,https://apif1.aetna.com/fhir/v1/providerdirectorydata/healthcareservice https://apif1.aetna.com/fhir/v1/providerdirectorydata/insuranceplan https://apif1.aetna.com/fhir/v1/providerdirectorydata/location https://apif1.aetna.com/fhir/v1/providerdirectorydata/organization https://apif1.aetna.com/fhir/v1/providerdirectorydata/organizationaffiliation https://apif1.aetna.com/fhir/v1/providerdirectorydata/practitioner https://apif1.aetna.com/fhir/v1/providerdirectorydata/practitionerrole,FHIR JSON
2027,"H3291 - PRUITTHEALTH PREMIER, INC.",,
2027,"H3305 - MVP HEALTH PLAN, INC.",,
2027,H3312 - AETNA HEALTH INC. (NY),https://apif1.aetna.com/fhir/v1/providerdirectorydata/healthcareservice https://apif1.aetna.com/fhir/v1/providerdirectorydata/insuranceplan https://apif1.aetna.com/fhir/v1/providerdirectorydata/location https://apif1.aetna.com/fhir/v1/providerdirectorydata/organization https://apif1.aetna.com/fhir/v1/providerdirectorydata/organizationaffiliation https://apif1.aetna.com/fhir/v1/providerdirectorydata/practitioner https://apif1.aetna.com/fhir/v1/providerdirectorydata/practitionerrole,FHIR JSON
2027,H3330 - HEALTH INSURANCE PLAN OF GREATER NEW YORK,,
2027,"H3335 - EXCELLUS HEALTH PLAN, INC.",,
2027,H3344 - INDEPENDENT HEALTH BENEFITS CORPORATION,,
2027,"H3347 - ELDERPLAN, INC.",,
2027,"H3351 - EXCELLUS HEALTH PLAN, INC.",,
2027,"H3359 - HEALTHFIRST HEALTH PLAN, INC.",https://d17y0kd1bpes7q.cloudfront.net/cms-mpf/CY2027/H3359/index.json,FHIR JSON
2027,"H3362 - INDEPENDENT HEALTH ASSOCIATION, INC.",,
2027,"H3379 - UNITEDHEALTHCARE OF NEW YORK, INC.",,
2027,H3384 - Highmark Western and Northeastern New York Inc.,,
2027,"H3387 - UNITEDHEALTHCARE OF NEW YORK, INC.",,
2027,"H3388 - CAPITAL DISTRICT PHYSICIANS' HEALTH PLAN, INC.",,
2027,H3404 - BLUE CROSS AND BLUE SHIELD OF NORTH CAROLINA,,
2027,"H3407 - EL PASO FIRST HEALTH PLANS, INC.",,
2027,H3418 - CARE IMPROVEMENT PLUS SOUTH CENTRAL INSURANCE CO.,,
2027,"H3419 - PERENNIAL ADVANTAGE OF COLORADO, INC.",,
2027,"H3443 - ALIGNMENT HEALTH PLAN OF ARIZONA, INC.",https://mpf.alignmenthealth.com/mpf-provider-directory/H3443-cms-data-index.json,Machine-readable JSON
2027,"H3447 - HEALTHKEEPERS, INC.",,
2027,H3449 - BLUE CROSS AND BLUE SHIELD OF NORTH CAROLINA,,
2027,"H3467 - PROCARE ADVANTAGE, LLC",,
2027,H3499 - COORDINATED CARE CORPORATION,,
2027,"H3515 - DEVOTED HEALTH PLAN OF WASHINGTON, INC.",https://fhir.devoted.com/H3515/2027,FHIR JSON
2027,"H3529 - ANTHEM INSURANCE COMPANIES, INC.",,
2027,"H3533 - HUMANA HEALTH COMPANY OF NEW YORK, INC.",https://fhir.humana.com/api,FHIR JSON
2027,H3551 - ETERNALHEALTH OF ARIZONA INC,,
2027,"H3561 - HEALTH NET COMMUNITY SOLUTIONS, INC.",,
2027,H3597 - AETNA HEALTH INC. (ME),https://apif1.aetna.com/fhir/v1/providerdirectorydata/healthcareservice https://apif1.aetna.com/fhir/v1/providerdirectorydata/insuranceplan https://apif1.aetna.com/fhir/v1/providerdirectorydata/location https://apif1.aetna.com/fhir/v1/providerdirectorydata/organization https://apif1.aetna.com/fhir/v1/providerdirectorydata/organizationaffiliation https://apif1.aetna.com/fhir/v1/providerdirectorydata/practitioner https://apif1.aetna.com/fhir/v1/providerdirectorydata/practitionerrole,FHIR JSON
2027,H3642 - HUMANADENTAL INSURANCE COMPANY,,
2027,H3655 - COMMUNITY INSURANCE COMPANY,,
2027,H3660 - SUMMACARE INC.,,
2027,H3664 - AULTCARE HEALTH INSURING CORPORATION,https://s3.us-east-1.amazonaws.com/cms.providerimport/ProvidorUrlIndex.json,FHIR JSON
2027,"H3668 - MOUNT CARMEL HEALTH PLAN, INC.",,
2027,"H3672 - THE HEALTH PLAN OF WEST VIRGINIA, INC.",,
2027,"H3706 - GLOBALHEALTH, INC.",,
2027,"H3708 - OKLAHOMA SUPERIOR SELECT, INC.",https://api-ahp-prd.safhir.io/v1/api/provider-directory/metadata,FHIR JSON
2027,H3727 - OH CHS SNP INC.,,
2027,"H3748 - AETNA BETTER HEALTH OF WASHINGTON, INC.",https://apif1.aetna.com/fhir/v1/providerdirectorydata/healthcareservice https://apif1.aetna.com/fhir/v1/providerdirectorydata/insuranceplan https://apif1.aetna.com/fhir/v1/providerdirectorydata/location https://apif1.aetna.com/fhir/v1/providerdirectorydata/organization https://apif1.aetna.com/fhir/v1/providerdirectorydata/organizationaffiliation https://apif1.aetna.com/fhir/v1/providerdirectorydata/practitioner https://apif1.aetna.com/fhir/v1/providerdirectorydata/practitionerrole,FHIR JSON
2027,"H3755 - COMMUNITYCARE GOVERNMENT PROGRAMS, INC.",,
2027,"H3767 - HUMANA HEALTH PLAN OF CALIFORNIA, INC.",,
2027,"H3794 - UNITEDHEALTHCARE OF WISCONSIN, INC.",,
2027,H3800 - PROVIDER PARTNERS HEALTH PLAN OF ILLINOIS,,
2027,"H3805 - UnitedHealthcare Benefits of Texas, Inc.",,
2027,"H3810 - ALLCARE HEALTH PLAN, INC.",,
2027,"H3811 - SAMARITAN HEALTH PLANS, INC.",,
2027,H3814 - ATRIO HEALTH PLANS,,
2027,H3815 - ALIGNMENT HEALTH PLAN,https://mpf.alignmenthealth.com/mpf-provider-directory/H3815-cms-data-index.json,Machine-readable JSON
2027,H3817 - REGENCE BLUECROSS BLUESHIELD OF OREGON,,
2027,H3822 - HEALTH CARE SERVICE CORPORATION,,
2027,H3832 - HAWAII MEDICAL SERVICE ASSOCIATION,,
2027,H3864 - PACIFICSOURCE COMMUNITY HEALTH PLANS,,
2027,"H3868 - UNITEDHEALTHCARE COMMUNITY PLAN OF TEXAS, L.L.C.",,
2027,H3879 - SCAN HEALTH PLAN (OR),,
2027,"H3890 - HOPKINS HEALTH ADVANTAGE, INC.",,
2027,"H3907 - UPMC HEALTH PLAN, INC.",,
2027,H3909 - QCC INSURANCE COMPANY,https://ibx.healthsparq.com/healthsparq/public/#/one/insurerCode=BLUEIBX_I&brandCode=BLUEIBXMCARE&productCode=ALL,Machine-readable JSON
2027,H3916 - HIGHMARK SENIOR HEALTH COMPANY,,
2027,H3923 - CAPITAL ADVANTAGE INSURANCE COMPANY,,
2027,H3924 - GEISINGER INDEMNITY INSURANCE COMPANY,,
2027,H3928 - AETNA HEALTH INC. (LA),https://apif1.aetna.com/fhir/v1/providerdirectorydata/healthcareservice https://apif1.aetna.com/fhir/v1/providerdirectorydata/insuranceplan https://apif1.aetna.com/fhir/v1/providerdirectorydata/location https://apif1.aetna.com/fhir/v1/providerdirectorydata/organization https://apif1.aetna.com/fhir/v1/providerdirectorydata/organizationaffiliation https://apif1.aetna.com/fhir/v1/providerdirectorydata/practitioner https://apif1.aetna.com/fhir/v1/providerdirectorydata/practitionerrole,FHIR JSON
2027,H3931 - AETNA HEALTH INC. (PA),https://apif1.aetna.com/fhir/v1/providerdirectorydata/healthcareservice https://apif1.aetna.com/fhir/v1/providerdirectorydata/insuranceplan https://apif1.aetna.com/fhir/v1/providerdirectorydata/location https://apif1.aetna.com/fhir/v1/providerdirectorydata/organization https://apif1.aetna.com/fhir/v1/providerdirectorydata/organizationaffiliation https://apif1.aetna.com/fhir/v1/providerdirectorydata/practitioner https://apif1.aetna.com/fhir/v1/providerdirectorydata/practitionerrole,FHIR JSON
2027,"H3949 - BRAVO HEALTH PENNSYLVANIA, INC.",https://data.healthspring.healthlx.com:8003/,FHIR JSON
2027,"H3952 - KEYSTONE HEALTH PLAN EAST, INC.",https://ibx.healthsparq.com/healthsparq/public/#/one/insurerCode=BLUEIBX_I&brandCode=BLUEIBXMCARE&productCode=ALL,Machine-readable JSON
2027,H3954 - GEISINGER HEALTH PLAN,,
2027,H3957 - HIGHMARK CHOICE COMPANY,,
2027,H3959 - AETNA HEALTH INC. (PA),https://apif1.aetna.com/fhir/v1/providerdirectorydata/healthcareservice https://apif1.aetna.com/fhir/v1/providerdirectorydata/insuranceplan https://apif1.aetna.com/fhir/v1/providerdirectorydata/location https://apif1.aetna.com/fhir/v1/providerdirectorydata/organization https://apif1.aetna.com/fhir/v1/providerdirectorydata/organizationaffiliation https://apif1.aetna.com/fhir/v1/providerdirectorydata/practitioner https://apif1.aetna.com/fhir/v1/providerdirectorydata/practitionerrole,FHIR JSON
2027,"H3962 - KEYSTONE HEALTH PLAN CENTRAL, INC.",,
2027,"H3975 - WELLCARE HEALTH INSURANCE COMPANY OF KENTUCKY, INC",,
2027,"H4003 - MMM HEALTHCARE, LLC",https://api.mmmhealthcarefhir.com/r4/public-ma/Practitioner,FHIR JSON
2027,"H4004 - MMM HEALTHCARE, LLC",https://api.mmmhealthcarefhir.com/r4/public-ma/Practitioner,FHIR JSON
2027,"H4005 - TRIPLE S ADVANTAGE, INC.",https://devtshcontenportalblob.blob.core.windows.net/mpf-files/index_H4005_2026.json,Machine-readable JSON
2027,H4026 - SCAN HEALTH PLAN (WA),,
2027,H4030 - DEVOTED HEALTH INSURANCE COMPANY OF MISSOURI,https://fhir.devoted.com/H4030/2027,FHIR JSON
2027,"H4032 - UNITEDHEALTHCARE OF THE ROCKIES, INC.",,
2027,"H4036 - ANTHEM INSURANCE COMPANIES, INC.",,
2027,H4045 - SANTA CLARA COUNTY HEALTH AUTHORITY,https://fhir.scfhp.com/providerAPI/swagger-ui/,FHIR JSON
2027,"H4054 - PROVIDER PARTNERS HEALTH PLAN OF TEXAS, INC.",,
2027,H4057 - KERN HEALTH SYSTEMS,,
2027,"H4073 - WELLCARE HEALTH INSURANCE OF NORTH CAROLINA, INC.",,
2027,"H4086 - HEALTHY ARKANSAS, INC.",,
2027,"H4091 - SIMPRA ADVANTAGE, INC.",,
2027,"H4093 - PROVIDER PARTNERS HEALTH PLAN OF PENNSYLVANIA, INC",,
2027,H4127 - ALIGN SENIOR CARE IOWA INSURANCE COMPANY,,
2027,"H4140 - DOCTORS HEALTHCARE PLANS, INC.",https://us120.fhir.m2.edifecsfedcloud.com/dhcp_pd/PractitionerRole,FHIR JSON
2027,"H4141 - HUMANA EMPLOYERS HEALTH PLAN OF GEORGIA, INC.",https://fhir.humana.com/api,FHIR JSON
2027,H4152 - BLUE CROSS & BLUE SHIELD OF RHODE ISLAND,https://transmitapi.goperspecta.com/v2/bcbsri/ProviderDirectoryIndex,FHIR JSON
2027,"H4158 - BUCKEYE COMMUNITY HEALTH PLAN, INC.",,
2027,"H4161 - BLUE CROSS OF CALIFORNIA PARTNERSHIP PLAN, INC.",,
2027,"H4172 - NHC ADVANTAGE, LLC",,
2027,H4193 - HAP CARESOURCE,,
2027,H4213 - USABLE MUTUAL INSURANCE COMPANY,,
2027,"H4227 - VISTA HEALTH PLAN, INC.",,
2027,"H4232 - AMERICAN HEALTH PLAN OF UT, INC.",https://api-ahp-prd.safhir.io/v1/api/provider-directory/metadata,FHIR JSON
2027,"H4279 - UPMC FOR YOU, INC",,
2027,"H4286 - LEON HEALTH, INC.",https://data.healthlx.com:8004/LEONHEALTH/,FHIR JSON
2027,"H4329 - HUMANA BENEFIT PLAN OF ILLINOIS, INC.",https://fhir.humana.com/api,FHIR JSON
2027,"H4346 - HMO COLORADO, INC.",,
2027,H4348 - DEVOTED HEALTH INSURANCE COMPANY OF KANSAS,https://fhir.devoted.com/H4348/2026,FHIR JSON
2027,"H4367 - MOLINA HEALTHCARE OF IOWA, INC.",,
2027,"H4371 - SENIOR WHOLE HEALTH, LLC",,
2027,"H4407 - HEALTHSPRING LIFE & HEALTH INSURANCE COMPANY, INC.",https://data.healthspring.healthlx.com:8003/,FHIR JSON
2027,H4439 - PROVIDER PARTNERS HEALTH PLAN OF NORTH CAROLINA,,
2027,H4444 - PROVIDER PARTNERS HEALTH PLAN OF INDIANA,,
2027,H4461 - CARITEN HEALTH PLAN INC.,https://fhir.humana.com/api,FHIR JSON
2027,"H4471 - BLUE CROSS OF CALIFORNIA PARTNERSHIP PLAN, INC.",,
2027,"H4473 - DEVOTED HEALTH INSURANCE COMPANY OF UTAH, INC.",https://fhir.devoted.com/H4473/2026,FHIR JSON
2027,"H4490 - AMERICAN HEALTH PLAN OF MISSOURI, INC.",https://api-ahp-prd.safhir.io/v1/api/provider-directory/metadata,FHIR JSON
2027,H4497 - MEDICAL MUTUAL OF OHIO,,
2027,H4499 - SENTARA HEALTH PLANS,,
2027,"H4506 - SELECTCARE OF TEXAS, INC.",,
2027,"H4513 - HEALTHSPRING LIFE & HEALTH INSURANCE COMPANY, INC.",https://data.healthspring.healthlx.com:8003/,FHIR JSON
2027,"H4514 - UNITEDHEALTHCARE COMMUNITY PLAN OF TEXAS, L.L.C.",,
2027,H4523 - AETNA HEALTH INC. (TX),https://apif1.aetna.com/fhir/v1/providerdirectorydata/healthcareservice https://apif1.aetna.com/fhir/v1/providerdirectorydata/insuranceplan https://apif1.aetna.com/fhir/v1/providerdirectorydata/location https://apif1.aetna.com/fhir/v1/providerdirectorydata/organization https://apif1.aetna.com/fhir/v1/providerdirectorydata/organizationaffiliation https://apif1.aetna.com/fhir/v1/providerdirectorydata/practitioner https://apif1.aetna.com/fhir/v1/providerdirectorydata/practitionerrole,FHIR JSON
2027,"H4527 - PHYSICIANS HEALTH CHOICE OF TEXAS, LLC",,
2027,"H4537 - WELLCARE HEALTH INSURANCE COMPANY OF OKLAHOMA, INC.",,
2027,"H4544 - PEOPLES HEALTH, INC.",,
2027,"H4604 - UNITEDHEALTHCARE OF THE ROCKIES, INC.",,
2027,H4605 - REGENCE BLUECROSS BLUESHIELD OF UTAH,,
2027,"H4610 - UNITEDHEALTHCARE OF NEW ENGLAND, INC.",,
2027,"H4623 - HUMANA REGIONAL HEALTH PLAN, INC.",https://fhir.humana.com/api,FHIR JSON
2027,"H4624 - ZING HEALTH OF MICHIGAN, INC.",,
2027,"H4647 - NEW CENTURY HEALTH PLAN, INC.",,
2027,H4661 - CELTIC INSURANCE COMPANY,,
2027,"H4676 - TROY HEALTH, INC.",https://troymedicare.com/provider-directory/index.json,Machine-readable JSON
2027,"H4694 - HEALTHKEEPERS, INC.",,
2027,"H4711 - COVENTRY HEALTH CARE OF NEBRASKA, INC.",https://apif1.aetna.com/fhir/v1/providerdirectorydata/healthcareservice https://apif1.aetna.com/fhir/v1/providerdirectorydata/insuranceplan https://apif1.aetna.com/fhir/v1/providerdirectorydata/location https://apif1.aetna.com/fhir/v1/providerdirectorydata/organization https://apif1.aetna.com/fhir/v1/providerdirectorydata/organizationaffiliation https://apif1.aetna.com/fhir/v1/providerdirectorydata/practitioner https://apif1.aetna.com/fhir/v1/providerdirectorydata/practitionerrole,FHIR JSON
2027,H4733 - COMMUNITY HEALTH GROUP,,
2027,"H4739 - SELECT HEALTH OF SOUTH CAROLINA, INC.",,
2027,H4808 - DEVOTED HEALTH INSURANCE COMPANY OF COLORADO INC,https://fhir.devoted.com/H4808/2026,FHIR JSON
2027,H4835 - AETNA BETTER HEALTH OF OKLAHOMA INC.,https://apif1.aetna.com/fhir/v1/providerdirectorydata/healthcareservice https://apif1.aetna.com/fhir/v1/providerdirectorydata/insuranceplan https://apif1.aetna.com/fhir/v1/providerdirectorydata/location https://apif1.aetna.com/fhir/v1/providerdirectorydata/organization https://apif1.aetna.com/fhir/v1/providerdirectorydata/organizationaffiliation https://apif1.aetna.com/fhir/v1/providerdirectorydata/practitioner https://apif1.aetna.com/fhir/v1/providerdirectorydata/practitionerrole,FHIR JSON
2027,"H4847 - WELLCARE OF SOUTH CAROLINA, INC.",,
2027,H4869 - GOLD KIDNEY OF ARIZONA,,
2027,H4875 - PRIORITY HEALTH,,
2027,"H4882 - HEALTHPARTNERS, INC.",,
2027,"H4909 - ANTHEM INSURANCE COMPANIES, INC.",,
2027,H4931 - BANNER - UNIVERSITY CARE ADVANTAGE,https://www.bannerhealthnetwork.com/CMS_Provider_Directory/H4931/2027/index.json,Machine-readable JSON
2027,"H4939 - ARCADIAN HEALTH PLAN, INC.",https://fhir.humana.com/api,FHIR JSON
2027,H4961 - ALIGNMENT HEALTH PLAN,https://mpf.alignmenthealth.com/mpf-provider-directory/H4961-cms-data-index.json,Machine-readable JSON
2027,H4982 - AETNA BETTER HEALTH OF CALIFORNIA INC.,https://apif1.aetna.com/fhir/v1/providerdirectorydata/healthcareservice https://apif1.aetna.com/fhir/v1/providerdirectorydata/insuranceplan https://apif1.aetna.com/fhir/v1/providerdirectorydata/location https://apif1.aetna.com/fhir/v1/providerdirectorydata/organization https://apif1.aetna.com/fhir/v1/providerdirectorydata/organizationaffiliation https://apif1.aetna.com/fhir/v1/providerdirectorydata/practitioner https://apif1.aetna.com/fhir/v1/providerdirectorydata/practitionerrole,FHIR JSON
2027,H5008 - CARE IMPROVEMENT PLUS SOUTH CENTRAL INSURANCE CO.,,
2027,H5009 - REGENCE BLUESHIELD,,
2027,"H5015 - TEXAS INDEPENDENCE HEALTH PLAN, INC.",https://api-tihp-prd.safhir.io/v1/api/provider-directory/metadata,FHIR JSON
2027,H5050 - KAISER FOUNDATION HEALTH PLAN OF WASHINGTON,,
2027,"H5087 - WELLCARE OF CALIFORNIA, INC.",,
2027,H5106 - HIGHMARK SENIOR SOLUTIONS COMPANY,,
2027,H5119 - CONTRA COSTA COUNTY MEDICAL SERVICE DBA CONTRA COSTA HEALTH PLAN,https://ihyml0v6d9.execute-api.us-east-1.amazonaws.com/hxprod/metadata,FHIR JSON
2027,H5141 - CLOVER INSURANCE COMPANY,,
2027,H5163 - VERDA HEALTH PLAN OF TEXAS INC,,
2027,H5177 - DEVOTED HEALTH INSURANCE COMPANY OF MICHIGAN,https://fhir.devoted.com/H5177/2027,FHIR JSON
2027,"H5178 - HUMANA HEALTH PLAN, INC.",https://fhir.humana.com/api,FHIR JSON
2027,"H5209 - Molina Healthcare of Wisconsin, Inc.",,
2027,"H5211 - SECURITY HEALTH PLAN OF WISCONSIN, INC.",,
2027,H5215 - NETWORK HEALTH INSURANCE CORPORATION,,
2027,H5216 - HUMANA INSURANCE COMPANY,https://fhir.humana.com/api,FHIR JSON
2027,H5244 - SCAN HEALTH PLAN (NM),,
2027,"H5253 - UNITEDHEALTHCARE OF WISCONSIN, INC.",,
2027,H5262 - QUARTZ HEALTH PLAN CORPORATION,,
2027,"H5272 - ABSOLUTE TOTAL CARE, INC.",,
2027,"H5294 - SUPERIOR HEALTHPLAN, INC.",,
2027,"H5296 - ALIGNMENT HEALTH PLAN OF NORTH CAROLINA, INC.",https://mpf.alignmenthealth.com/mpf-provider-directory/H5296-cms-data-index.json,Machine-readable JSON
2027,H5299 - DEVOTED HEALTH PLAN OF NORTH CAROLINA INC,https://fhir.devoted.com/H5299/2026,FHIR JSON
2027,H5302 - AETNA HEALTH INC. (GA),https://apif1.aetna.com/fhir/v1/providerdirectorydata/healthcareservice https://apif1.aetna.com/fhir/v1/providerdirectorydata/insuranceplan https://apif1.aetna.com/fhir/v1/providerdirectorydata/location https://apif1.aetna.com/fhir/v1/providerdirectorydata/organization https://apif1.aetna.com/fhir/v1/providerdirectorydata/organizationaffiliation https://apif1.aetna.com/fhir/v1/providerdirectorydata/practitioner https://apif1.aetna.com/fhir/v1/providerdirectorydata/practitionerrole,FHIR JSON
2027,"H5314 - TUFTS HEALTH PUBLIC PLANS, INC.",,
2027,H5322 - CARE IMPROVEMENT PLUS SOUTH CENTRAL INSURANCE CO.,,
2027,"H5325 - COVENTRY HEALTH CARE OF KANSAS, INC.",https://apif1.aetna.com/fhir/v1/providerdirectorydata/healthcareservice https://apif1.aetna.com/fhir/v1/providerdirectorydata/insuranceplan https://apif1.aetna.com/fhir/v1/providerdirectorydata/location https://apif1.aetna.com/fhir/v1/providerdirectorydata/organization https://apif1.aetna.com/fhir/v1/providerdirectorydata/organizationaffiliation https://apif1.aetna.com/fhir/v1/providerdirectorydata/practitioner https://apif1.aetna.com/fhir/v1/providerdirectorydata/practitionerrole,FHIR JSON
2027,H5334 - DEVOTED HEALTH INSURANCE COMPANY OF NEW YORK,https://fhir.devoted.com/H5334/2027,FHIR JSON
2027,H5361 - AMERIHEALTH INSURANCE COMPANY OF NEW JERSEY,https://ah.healthsparq.com/healthsparq/public/#/one/insurerCode=AHRED_I&brandCode=AHREDMCARE&productCode=ALL,Machine-readable JSON
2027,"H5374 - LONGEVITY HEALTH PLAN OF NORTH CAROLINA, INC.",,
2027,"H5377 - HUMANA MEDICAL PLAN OF PENNSYLVANIA, INC.",https://fhir.humana.com/api,FHIR JSON
2027,H5386 - SHARP HEALTH PLAN,,
2027,"H5397 - DEVOTED HEALTH PLAN OF HAWAII, INC.",https://fhir.devoted.com/H5397/2026,FHIR JSON
2027,"H5410 - HEALTHSPRING OF FLORIDA, INC.",https://data.healthspring.healthlx.com:8003/,FHIR JSON
2027,"H5420 - Preferred Care Network, Inc.",,
2027,H5422 - BLUE CROSS BLUE SHIELD HEALTHCARE PLAN OF GEORGIA,,
2027,H5425 - SCAN HEALTH PLAN,,
2027,"H5427 - FREEDOM HEALTH, INC.",https://stgwusconnectstgsa002.blob.core.windows.net/freedom-provider-directory-2026/index.json,FHIR JSON
2027,"H5431 - HEALTHSUN HEALTH PLANS, INC.",https://stgwusconnectstgsa002.blob.core.windows.net/healthsun-provider-directory-2026/index.json,FHIR JSON
2027,H5433 - ORANGE COUNTY HEALTH AUTHORITY,,
2027,"H5434 - BLUE CROSS AND BLUE SHIELD OF FLORIDA, INC.",,
2027,H5439 - HEALTH NET LIFE INSURANCE COMPANY,,
2027,"H5447 - COMMUNITY FIRST HEALTH PLANS, INC.",,
2027,H5453 - DEVOTED HEALTH INSURANCE COMPANY OF GEORGIA INC,https://fhir.devoted.com/H5453/2026,FHIR JSON
2027,"H5471 - SIMPLY HEALTHCARE PLANS, INC.",,
2027,H5472 - ALIGNMENT HEALTH INSURANCE COMPANY OF ARIZONA INC,https://mpf.alignmenthealth.com/mpf-provider-directory/H5472-cms-data-index.json,Machine-readable JSON
2027,"H5475 - MERIDIAN HEALTH PLAN OF MICHIGAN, INC.",,
2027,"H5496 - IMPERIAL HEALTH PLAN OF CALIFORNIA, INC.",,
2027,H5521 - AETNA LIFE INSURANCE COMPANY,https://apif1.aetna.com/fhir/v1/providerdirectorydata/healthcareservice https://apif1.aetna.com/fhir/v1/providerdirectorydata/insuranceplan https://apif1.aetna.com/fhir/v1/providerdirectorydata/location https://apif1.aetna.com/fhir/v1/providerdirectorydata/organization https://apif1.aetna.com/fhir/v1/providerdirectorydata/organizationaffiliation https://apif1.aetna.com/fhir/v1/providerdirectorydata/practitioner https://apif1.aetna.com/fhir/v1/providerdirectorydata/practitionerrole,FHIR JSON
2027,H5522 - AETNA LIFE INSURANCE COMPANY,https://apif1.aetna.com/fhir/v1/providerdirectorydata/healthcareservice https://apif1.aetna.com/fhir/v1/providerdirectorydata/insuranceplan https://apif1.aetna.com/fhir/v1/providerdirectorydata/location https://apif1.aetna.com/fhir/v1/providerdirectorydata/organization https://apif1.aetna.com/fhir/v1/providerdirectorydata/organizationaffiliation https://apif1.aetna.com/fhir/v1/providerdirectorydata/practitioner https://apif1.aetna.com/fhir/v1/providerdirectorydata/practitionerrole,FHIR JSON
2027,"H5525 - HUMANA BENEFIT PLAN OF ILLINOIS, INC.",https://fhir.humana.com/api,FHIR JSON
2027,H5526 - Highmark Western and Northeastern New York Inc.,,
2027,"H5533 - UPMC HEALTH NETWORK, INC.",,
2027,H5549 - VNS CHOICE,,
2027,"H5577 - MCS ADVANTAGE, INC.",,
2027,H5580 - MERCY CARE,,
2027,"H5587 - HEALTH CHOICE ARIZONA, INC.",https://inno-cms-prd-pb.s3.us-east-1.amazonaws.com/bcbsaz_2027/index.json,Machine-readable JSON
2027,"H5590 - Bridgeway Health Solutions of Arizona, Inc.",,
2027,"H5591 - MARTIN'S POINT GENERATIONS ADVANTAGE, INC.",,
2027,H5593 - AETNA HEALTH OF IOWA INC.,https://apif1.aetna.com/fhir/v1/providerdirectorydata/healthcareservice https://apif1.aetna.com/fhir/v1/providerdirectorydata/insuranceplan https://apif1.aetna.com/fhir/v1/providerdirectorydata/location https://apif1.aetna.com/fhir/v1/providerdirectorydata/organization https://apif1.aetna.com/fhir/v1/providerdirectorydata/organizationaffiliation https://apif1.aetna.com/fhir/v1/providerdirectorydata/practitioner https://apif1.aetna.com/fhir/v1/providerdirectorydata/practitionerrole,FHIR JSON
2027,"H5594 - OPTIMUM HEALTHCARE, INC.",https://stgwusconnectstgsa002.blob.core.windows.net/optimum-provider-directory-2026/index.json,FHIR JSON
2027,H5599 - NEW YORK QUALITY HEALTHCARE CORPORATION,,
2027,"H5608 - DENVER HEALTH MEDICAL PLAN, INC.",https://www.denverhealthmedicalplan.org/transparency-coverage/files/DHMP_ProviderRoster_06_11_2026.json,Machine-readable JSON
2027,"H5619 - ARCADIAN HEALTH PLAN, INC.",https://fhir.humana.com/api,FHIR JSON
2027,"H5628 - MOLINA HEALTHCARE OF UTAH, INC.",,
2027,"H5652 - SIERRA HEALTH AND LIFE INSURANCE COMPANY, INC.",,
2027,H5692 - SANTA CRUZ MONTEREY MERCED SAN BENITO MARIPOSA MANAGED MEDICAL CARE COMMISSION,,
2027,H5703 - SOUTH COUNTRY HEALTH ALLIANCE,,
2027,H5718 - DEVOTED HEALTH INSURANCE COMPANY OF KENTUCKY INC,https://fhir.devoted.com/H5718/2026,FHIR JSON
2027,H5734 - SAN JOAQUIN COUNTY HEALTH COMMISSION,,
2027,"H5767 - MEDCARE PARTNERS HEALTH PLAN OF TEXAS, LLC",,
2027,"H5774 - TRIPLE S ADVANTAGE, INC.",https://devtshcontenportalblob.blob.core.windows.net/mpf-files/index_H5774_2026.json,Machine-readable JSON
2027,"H5779 - MERIDIAN HEALTH PLAN OF ILLINOIS, INC.",,
2027,H5793 - AETNA HEALTH INC. (CT),https://apif1.aetna.com/fhir/v1/providerdirectorydata/healthcareservice https://apif1.aetna.com/fhir/v1/providerdirectorydata/insuranceplan https://apif1.aetna.com/fhir/v1/providerdirectorydata/location https://apif1.aetna.com/fhir/v1/providerdirectorydata/organization https://apif1.aetna.com/fhir/v1/providerdirectorydata/organizationaffiliation https://apif1.aetna.com/fhir/v1/providerdirectorydata/practitioner https://apif1.aetna.com/fhir/v1/providerdirectorydata/practitionerrole,FHIR JSON
2027,"H5823 - MOLINA HEALTHCARE OF WASHINGTON, INC.",,
2027,H5826 - COMMUNITY HEALTH PLAN OF WASHINGTON,,
2027,"H5828 - WELLPOINT TENNESSEE, INC.",,
2027,"H5843 - BANNER HEALTH PLAN, INC.",https://www.bannerhealthnetwork.com/CMS_Provider_Directory/H5843/2027/index.json,Machine-readable JSON
2027,H5852 - AIDS HEALTHCARE FOUNDATION,,
2027,"H5854 - ANTHEM HEALTH PLANS, INC.",,
2027,"H5859 - HEALTH PLAN OF CAREOREGON, INC.",,
2027,H5883 - BLUE CARE NETWORK OF MICHIGAN,,
2027,"H5926 - MOLINA HEALTHCARE OF MICHIGAN, INC.",,
2027,H5928 - California Physicians' Service,https://cloud-api.blueshieldca.com/fhir-cms-client/api/cms-export/H5928/2026,FHIR JSON
2027,"H5932 - GATEWAY HEALTH PLAN, INC.",,
2027,H5938 - CAPITAL HEALTH PLAN,,
2027,H5943 - SCAN HEALTH PLAN,,
2027,H5945 - PROMINENCE HEALTHFIRST,,
2027,"H5959 - BCBSM, Inc.",,
2027,H5969 - ALOHACARE,,
2027,H5970 - HUMANA INSURANCE COMPANY OF NEW YORK,https://fhir.humana.com/api,FHIR JSON
2027,"H5989 - HEALTHFIRST HEALTH PLAN, INC.",https://d17y0kd1bpes7q.cloudfront.net/cms-mpf/CY2027/H5989/index.json,FHIR JSON
2027,H5991 - HEALTH INSURANCE PLAN OF GREATER NEW YORK,,
2027,"H5992 - SENIOR WHOLE HEALTH OF NEW YORK, INC.",,
2027,H6018 - DEVOTED HEALTH INSURANCE COMPANY OF PENNSYLVANIA INC,https://fhir.devoted.com/H6018/2026,FHIR JSON
2027,H6019 - SAN MATEO HEALTH COMMISSION,,
2027,"H6158 - USABLE HMO, INC.",,
2027,H6170 - CHAMPION HEALTH PLAN OF CALIFORNIA INC,https://championhmo.com/public_html/provider-directory/CA/index.json,Machine-readable JSON
2027,H6194 - MULTICARE HEALTH PLAN,,
2027,"H6200 - ESSENCE HEALTHCARE PPO, INC.",,
2027,H6202 - NEXTBLUE OF NORTH DAKOTA INSURANCE COMPANY,,
2027,H6224 - HIGHMARK HEALTH OPTIONS WEST VIRGINIA INC.,,
2027,H6237 - REGENCE BLUECROSS BLUESHIELD OF OREGON,,
2027,H6248 - COMMUNITY HEALTH GROUP,,
2027,H6303 - AETNA BETTER HEALTH INC. (CT),https://apif1.aetna.com/fhir/v1/providerdirectorydata/healthcareservice https://apif1.aetna.com/fhir/v1/providerdirectorydata/insuranceplan https://apif1.aetna.com/fhir/v1/providerdirectorydata/location https://apif1.aetna.com/fhir/v1/providerdirectorydata/organization https://apif1.aetna.com/fhir/v1/providerdirectorydata/organizationaffiliation https://apif1.aetna.com/fhir/v1/providerdirectorydata/practitioner https://apif1.aetna.com/fhir/v1/providerdirectorydata/practitionerrole,FHIR JSON
2027,H6309 - HEALTHPARTNERS INSURANCE COMPANY,,
2027,"H6316 - MISSOURI CARE, INCORPORATED",,
2027,"H6322 - MCLAREN HEALTH PLAN, INC.",https://www.mclaren.org/Uploads/Public/Documents/HealthPlan/documents/CMSUploads/cms-medicare-data-index-H6322-2026.json,Machine-readable JSON
2027,"H6341 - AMERIHEALTH MICHIGAN, INC.",,
2027,"H6345 - PRUITTHEALTH PREMIER NORTH CAROLINA, LLC",,
2027,H6348 - COORDINATED CARE CORPORATION,,
2027,"H6351 - LIBERTY ADVANTAGE, LLC",,
2027,"H6368 - ELITE HEALTH PLAN, INC.",,
2027,"H6378 - AMERIHEALTH CARITAS FLORIDA, INC.",,
2027,"H6396 - CARESOURCE OHIO, INC.",,
2027,H6399 - AETNA BETTER HEALTH INC. (NJ),https://apif1.aetna.com/fhir/v1/providerdirectorydata/healthcareservice https://apif1.aetna.com/fhir/v1/providerdirectorydata/insuranceplan https://apif1.aetna.com/fhir/v1/providerdirectorydata/location https://apif1.aetna.com/fhir/v1/providerdirectorydata/organization https://apif1.aetna.com/fhir/v1/providerdirectorydata/organizationaffiliation https://apif1.aetna.com/fhir/v1/providerdirectorydata/practitioner https://apif1.aetna.com/fhir/v1/providerdirectorydata/practitionerrole,FHIR JSON
2027,"H6407 - AMERIHEALTH HMO, INC",,
2027,"H6453 - HMO LOUISIANA, INC.",https://cdn.lablue.com/cms/H6453/H6453index.json,Machine-readable JSON
2027,"H6474 - CHAMPION HEALTH PLAN OF NEVADA, INC.",https://championhmo.com/public_html/provider-directory/NV/index.json,Machine-readable JSON
2027,"H6515 - MOLINA HEALTHCARE OF TEXAS, INC.",,
2027,"H6529 - SOUTHEASTERN INDIANA HEALTH ORGANIZATION, INC.",,
2027,"H6545 - Devoted Health Insurance Company of Illinois, Inc.",https://fhir.devoted.com/H6545/2026,FHIR JSON
2027,"H6550 - SUNFLOWER STATE HEALTH PLAN, INC.",,
2027,H6566 - LAGNIAPPE ADVANTAGE INSURANCE COMPANY,,
2027,"H6585 - MOLINA HEALTHCARE OF NEBRASKA, INC.",,
2027,"H6586 - DEVOTED HEALTH INSURANCE COMPANY OF ARIZONA, INC.",https://fhir.devoted.com/H6586/2026,FHIR JSON
2027,"H6595 - UNITEDHEALTHCARE OF WISCONSIN, INC.",,
2027,H6622 - HUMANA WI HEALTH ORGANIZATION INSURANCE CORP,https://fhir.humana.com/api,FHIR JSON
2027,"H6652 - AMERICAN HEALTH PLAN OF FL, INC.",https://api-ahp-prd.safhir.io/v1/api/provider-directory/metadata,FHIR JSON
2027,H6697 - ALIGNMENT HEALTH ADVANTAGE PLAN INC.,,
2027,"H6706 - UnitedHealthcare Benefits of Texas, Inc.",,
2027,H6723 - MEDICAL MUTUAL OF OHIO,,
2027,H6743 - ATRIO HEALTH PLANS,,
2027,H6765 - AMERICAN HEALTH PLAN OF IOWA INC,https://api-ahp-prd.safhir.io/v1/api/provider-directory/metadata,FHIR JSON
2027,"H6776 - ELDERSERVE HEALTH, INC.",,
2027,H6813 - DEVOTED HEALTH INSURANCE COMPANY OF TEXAS,https://fhir.devoted.com/H6813/2026,FHIR JSON
2027,"H6815 - HEALTH NET HEALTH PLAN OF OREGON, INC.",,
2027,H6824 - UNITEDHEALTHCARE INSURANCE COMPANY,,
2027,"H6832 - ALIGN SENIOR CARE MI, LLC",,
2027,"H6847 - Mass General Brigham Health Plan, Inc.",https://apiuat.allwaysmember.org/cms_mpf/H6847_2027_index.json,Machine-readable JSON
2027,H6852 - DEVOTED HEALTH PLAN OF PENNSYLVANIA INC,https://fhir.devoted.com/H6852/2026,FHIR JSON
2027,"H6876 - ZING HEALTH OF MICHIGAN, INC.",,
2027,"H6891 - AMERICAN HEALTH PLAN OF TX, INC.",https://api-ahp-prd.safhir.io/v1/api/provider-directory/metadata,FHIR JSON
2027,"H6959 - ISNP VENTURES, LLC",,
2027,"H6971 - MERIDIAN HEALTH PLAN OF ILLINOIS, INC.",,
2027,"H6988 - Anthem HP, LLC",,
2027,H6994 - DEVOTED HEALTH PLAN OF VIRGINIA INC,https://fhir.devoted.com/H6994/2026,FHIR JSON
2027,H7006 - ATRIO HEALTH PLANS,,
2027,"H7020 - HEALTHSPRING LIFE & HEALTH INSURANCE COMPANY, INC.",https://data.healthspring.healthlx.com:8003/,FHIR JSON
2027,H7028 - DEVOTED HEALTH INSURANCE COMPANY OF SOUTH CAROLINA INC,https://fhir.devoted.com/H7028/2026,FHIR JSON
2027,"H7063 - BLUECROSS BLUESHIELD KANSAS SOLUTIONS, INC.",,
2027,"H7074 - ALIGNMENT HEALTH PLAN OF NORTH CAROLINA, INC.",https://mpf.alignmenthealth.com/mpf-provider-directory/H7074-cms-data-index.json,Machine-readable JSON
2027,H7093 - COMMUNITY INSURANCE COMPANY,,
2027,"H7123 - UPMC HEALTH COVERAGE, INC.",,
2027,H7147 - DEVOTED HEALTH PLAN OF COLORADO INC,https://fhir.devoted.com/H7147/2026,FHIR JSON
2027,H7149 - AETNA HEALTH INC. (PA),https://apif1.aetna.com/fhir/v1/providerdirectorydata/healthcareservice https://apif1.aetna.com/fhir/v1/providerdirectorydata/insuranceplan https://apif1.aetna.com/fhir/v1/providerdirectorydata/location https://apif1.aetna.com/fhir/v1/providerdirectorydata/organization https://apif1.aetna.com/fhir/v1/providerdirectorydata/organizationaffiliation https://apif1.aetna.com/fhir/v1/providerdirectorydata/practitioner https://apif1.aetna.com/fhir/v1/providerdirectorydata/practitionerrole,FHIR JSON
2027,"H7151 - DEVOTED HEALTH PLAN OF ILLINOIS, INC.",https://fhir.devoted.com/H7151/2026,FHIR JSON
2027,H7191 - DEVOTED HEALTH INSURANCE COMPANY OF NEW HAMPSHIRE,https://fhir.devoted.com/H7191/2027,FHIR JSON
2027,H7199 - DEVOTED HEALTH  PLAN OF OREGON,https://fhir.devoted.com/H7199/2026,FHIR JSON
2027,"H7220 - HealthKeepers, Inc.",,
2027,H7239 - PROMINENCE HEALTHFIRST OF FLORIDA INC,,
2027,"H7284 - HUMANA HEALTH INSURANCE COMPANY OF FLORIDA, INC.",https://fhir.humana.com/api,FHIR JSON
2027,"H7301 - COVENTRY HEALTH CARE OF ILLINOIS, INC.",https://apif1.aetna.com/fhir/v1/providerdirectorydata/healthcareservice https://apif1.aetna.com/fhir/v1/providerdirectorydata/insuranceplan https://apif1.aetna.com/fhir/v1/providerdirectorydata/location https://apif1.aetna.com/fhir/v1/providerdirectorydata/organization https://apif1.aetna.com/fhir/v1/providerdirectorydata/organizationaffiliation https://apif1.aetna.com/fhir/v1/providerdirectorydata/practitioner https://apif1.aetna.com/fhir/v1/providerdirectorydata/practitionerrole,FHIR JSON
2027,"H7318 - MOLINA HEALTHCARE OF NEW MEXICO, INC.",,
2027,H7323 - WELLCARE NATIONAL HEALTH INSURANCE COMPANY,,
2027,"H7326 - WELLCARE OF SOUTH CAROLINA, INC.",,
2027,H7355 - DEVOTED HEALTH INSURANCE COMPANY OF MISSISSIPPI,https://fhir.devoted.com/H7355/2026,FHIR JSON
2027,"H7379 - CAREFIRST ADVANTAGE PPO, INC.",,
2027,H7397 - DEVOTED HEALTH INSURANCE COMPANY OF ARKANSAS INC,https://fhir.devoted.com/H7397/2026,FHIR JSON
2027,"H7435 - MERIDIAN HEALTH PLAN OF MICHIGAN, INC.",,
2027,"H7440 - HEALTHY ARKANSAS, INC.",,
2027,"H7464 - UNITEDHEALTHCARE OF THE MID-ATLANTIC, INC.",,
2027,H7471 - DEVOTED HEALTH INSURANCE COMPANY OF INDIANA,https://fhir.devoted.com/H7471/2026,FHIR JSON
2027,"H7511 - GOOD SAMARITAN INSURANCE PLAN OF NEBRASKA, INC.",,
2027,"H7518 - WELLCARE OF MISSOURI HEALTH INSURANCE COMPANY, INC",,
2027,H7524 - EXCELLUS HEALTH PLAN COMMUNITY CARE LLC,,
2027,"H7557 - LONGEVITY HEALTH PLAN OF MICHIGAN, INC.",,
2027,H7598 - GROUP HEALTH COOPERATIVE OF EAU CLAIRE,,
2027,H7605 - DEVOTED HEALTH PLAN OF TENNESSEE INC,https://fhir.devoted.com/H7605/2026,FHIR JSON
2027,"H7607 - CLEVER CARE OF GOLDEN STATE, INC.",,
2027,H7617 - EMPHESYS INSURANCE COMPANY,https://fhir.humana.com/api,FHIR JSON
2027,H7620 - SANTA BARBARA SAN LUIS OBISPO REGIONAL HEALTH AUTHORITY DBA CENCAL HEALTH,,
2027,H7635 - NEIGHBORHOOD HEALTH PLAN OF RHODE ISLAND,,
2027,"H7678 - MOLINA HEALTHCARE OF TEXAS, INC.",,
2027,H7680 - PROMINENCE HEALTHFIRST OF TEXAS,,
2027,"H7710 - HIGHMARK BCBSD, INC.",,
2027,H7766 - DEVOTED HEALTH INSURANCE COMPANY OF LOUISIANA,https://fhir.devoted.com/H7766/2026,FHIR JSON
2027,"H7779 - AMERICAN HEALTH PLAN, INC.",https://api-ahp-prd.safhir.io/v1/api/provider-directory/metadata,FHIR JSON
2027,"H7787 - HEALTHSPRING LIFE & HEALTH INSURANCE COMPANY, INC.",https://data.healthspring.healthlx.com:8003/,FHIR JSON
2027,"H7849 - HEALTHSPRING LIFE & HEALTH INSURANCE COMPANY, INC.",https://data.healthspring.healthlx.com:8003/,FHIR JSON
2027,"H7917 - BLUECROSS BLUESHIELD OF TENNESSEE, INC.",,
2027,"H7993 - DEVOTED HEALTH PLAN OF TEXAS, INC.",https://fhir.devoted.com/H7993/2026,FHIR JSON
2027,H8003 - BLUECROSS AND BLUESHIELD OF SOUTH CAROLINA,,
2027,H8010 - CLOVER HMO OF NEW JERSEY INC.,,
2027,H8051 - SAN FRANCISCO HEALTH AUTHORITY DBA SAN FRANCISCO HEALTH PLAN,,
2027,"H8093 - GEORGIA ASSURANCE, INC.",https://api-ahp-prd.safhir.io/v1/api/provider-directory/metadata,FHIR JSON
2027,H8133 - GHS INSURANCE COMPANY,,
2027,H8142 - SCOTT AND WHITE HEALTH PLAN,,
2027,H8145 - HUMANA INSURANCE COMPANY,https://fhir.humana.com/api,FHIR JSON
2027,H8166 - HIGHMARK BCBSD INC.,,
2027,"H8173 - DEVOTED HEALTH PLAN OF ARIZONA, INC.",https://fhir.devoted.com/H8173/2026,FHIR JSON
2027,"H8176 - MOLINA HEALTHCARE OF SOUTH CAROLINA,INC",,
2027,"H8181 - SAPPHIRE EDGE, INC.",,
2027,H8189 - MANAGED HEALTH SERVICES INSURANCE CORP.,,
2027,H8211 - CARE IMPROVEMENT PLUS SOUTH CENTRAL INSURANCE CO.,,
2027,"H8212 - AMERIHEALTH CARITAS NORTH CAROLINA, INC.",,
2027,"H8267 - RANGE HEALTH, INC.",,
2027,"H8298 - HORIZON HEALTHCARE OF NEW JERSEY, INC.",,
2027,"H8320 - Devoted of Illinois, Inc.",https://fhir.devoted.com/H8320/2026,FHIR JSON
2027,H8330 - TUFTS ASSOCIATED HEALTH MAINTENANCE ORGANIZATION,,
2027,H8332 - AETNA HEALTH INC. (TX),https://apif1.aetna.com/fhir/v1/providerdirectorydata/healthcareservice https://apif1.aetna.com/fhir/v1/providerdirectorydata/insuranceplan https://apif1.aetna.com/fhir/v1/providerdirectorydata/location https://apif1.aetna.com/fhir/v1/providerdirectorydata/organization https://apif1.aetna.com/fhir/v1/providerdirectorydata/organizationaffiliation https://apif1.aetna.com/fhir/v1/providerdirectorydata/practitioner https://apif1.aetna.com/fhir/v1/providerdirectorydata/practitionerrole,FHIR JSON
2027,"H8379 - PRIORITY HEALTH CHOICE, INC.",,
2027,H8385 - SANFORD HEALTH PLAN,,
2027,"H8432 - ANTHEM HP, LLC.",,
2027,"H8457 - LONGEVITY HEALTH PLAN OF NEW YORK, INC.",,
2027,H8481 - HAWAII MEDICAL SERVICE ASSOCIATION (HMSA),,
2027,H8492 - DIGNITY CARE CORPORATION,https://api-ahp-prd.safhir.io/v1/api/provider-directory/metadata,FHIR JSON
2027,H8554 - GHS INSURANCE COMPANY,,
2027,"H8578 - HEALTH NEW ENGLAND, INC.",,
2027,H8597 - AETNA BETTER HEALTH OF TEXAS INC.,https://apif1.aetna.com/fhir/v1/providerdirectorydata/healthcareservice https://apif1.aetna.com/fhir/v1/providerdirectorydata/insuranceplan https://apif1.aetna.com/fhir/v1/providerdirectorydata/location https://apif1.aetna.com/fhir/v1/providerdirectorydata/organization https://apif1.aetna.com/fhir/v1/providerdirectorydata/organizationaffiliation https://apif1.aetna.com/fhir/v1/providerdirectorydata/practitioner https://apif1.aetna.com/fhir/v1/providerdirectorydata/practitionerrole,FHIR JSON
2027,H8604 - THP INSURANCE COMPANY,,
2027,H8634 - HEALTH CARE SERVICE CORPORATION,,
2027,H8649 - AETNA HEALTH OF UTAH INC.,https://apif1.aetna.com/fhir/v1/providerdirectorydata/healthcareservice https://apif1.aetna.com/fhir/v1/providerdirectorydata/insuranceplan https://apif1.aetna.com/fhir/v1/providerdirectorydata/location https://apif1.aetna.com/fhir/v1/providerdirectorydata/organization https://apif1.aetna.com/fhir/v1/providerdirectorydata/organizationaffiliation https://apif1.aetna.com/fhir/v1/providerdirectorydata/practitioner https://apif1.aetna.com/fhir/v1/providerdirectorydata/practitionerrole,FHIR JSON
2027,H8764 - ASPIRE HEALTH PLAN,,
2027,H8768 - CARE IMPROVEMENT PLUS SOUTH CENTRAL INSURANCE CO.,,
2027,"H8794 - KAISER FOUNDATION HP, INC.",,
2027,"H8797 - PERENNIAL ADVANTAGE OF OHIO, INC.",,
2027,H8832 - ALIGNMENT HEALTH ADVANTAGE PLAN INC,https://mpf.alignmenthealth.com/mpf-provider-directory/H8832-cms-data-index.json,Machine-readable JSON
2027,"H8845 - MOLINA HEALTHCARE OF ARIZONA, INC.",,
2027,H8849 - WELLPOINT INSURANCE COMPANY,,
2027,"H8854 - CAREFIRST ADVANTAGE DSNP, INC.",,
2027,"H8879 - Healthy Mississippi, Inc.",,
2027,H8889 - MEDICA HEALTH PLANS,,
2027,H8894 - Inland Empire Health Plan,https://fhir.iehp.org/provider-directory,FHIR JSON
2027,"H8902 - SCAN HEALTH PLAN TEXAS, INC.",,
2027,"H8908 - HUMANA MEDICAL PLAN OF MICHIGAN, INC.",https://fhir.humana.com/api,FHIR JSON
2027,H8917 - DEVOTED HEALTH INSURANCE COMPANY OF WASHINGTON,https://fhir.devoted.com/H8917/2026,FHIR JSON
2027,H8928 - FALLON COMMUNITY HEALTH PLAN,,
2027,H8947 - PEAK HEALTH INSURANCE CORPORATION,,
2027,H9001 - FALLON COMMUNITY HEALTH PLAN,,
2027,H9003 - KAISER FOUNDATION HP OF THE N W,,
2027,"H9042 - SOUTHEASTERN INDIANA HEALTH ORGANIZATION, INC.",,
2027,H9047 - PROVIDENCE HEALTH ASSURANCE,,
2027,"H9065 - AMH HEALTH, LLC",,
2027,H9066 - VISITING NURSE ASSOCIATION OF CENTRAL NEW YORK,,
2027,"H9096 - DEAN HEALTH PLAN, INC.",,
2027,H9147 - BLUE CROSS AND BLUE SHIELD OF NORTH CAROLINA,,
2027,"H9153 - WEST VIRGINIA SENIOR ADVANTAGE, INC.",,
2027,H9179 - TRINITY HEALTH PLAN OF MICHIGAN INC,,
2027,"H9191 - PROVIDER PARTNERS HEALTH PLAN OF MISSOURI, INC.",,
2027,"H9207 - HEALTH PARTNERS PLANS, INC.",,
2027,H9231 - DEVOTED HEALTH INSURANCE COMPANY OF TENNESSEE INC,https://fhir.devoted.com/H9231/2026,FHIR JSON
2027,H9233 - COMPBENEFITS INSURANCE COMPANY,,
2027,"H9306 - ALTERWOOD ADVANTAGE, INC.",,
2027,H9314 - AETNA BETTER HEALTH OF MICHIGAN INC.,https://apif1.aetna.com/fhir/v1/providerdirectorydata/healthcareservice https://apif1.aetna.com/fhir/v1/providerdirectorydata/insuranceplan https://apif1.aetna.com/fhir/v1/providerdirectorydata/location https://apif1.aetna.com/fhir/v1/providerdirectorydata/organization https://apif1.aetna.com/fhir/v1/providerdirectorydata/organizationaffiliation https://apif1.aetna.com/fhir/v1/providerdirectorydata/practitioner https://apif1.aetna.com/fhir/v1/providerdirectorydata/practitionerrole,FHIR JSON
2027,H9326 - WYOBLUE ADVANTAGE INC,,
2027,"H9364 - WELLCARE OF MAINE, INC.",,
2027,H9431 - FIRST HEALTH LIFE & HEALTH INSURANCE COMPANY,https://apif1.aetna.com/fhir/v1/providerdirectorydata/healthcareservice https://apif1.aetna.com/fhir/v1/providerdirectorydata/insuranceplan https://apif1.aetna.com/fhir/v1/providerdirectorydata/location https://apif1.aetna.com/fhir/v1/providerdirectorydata/organization https://apif1.aetna.com/fhir/v1/providerdirectorydata/organizationaffiliation https://apif1.aetna.com/fhir/v1/providerdirectorydata/practitioner https://apif1.aetna.com/fhir/v1/providerdirectorydata/practitionerrole,FHIR JSON
2027,"H9460 - HEALTHSPRING LIFE & HEALTH INSURANCE COMPANY, INC.",https://data.healthspring.healthlx.com:8003/,FHIR JSON
2027,"H9485 - Mass General Brigham Health Plan, Inc.",https://apiuat.allwaysmember.org/cms_mpf/H9485_2027_index.json,Machine-readable JSON
2027,H9525 - COMPCARE HEALTH SERVICES INSURANCE CORPORATION,,
2027,H9572 - BCBS OF MICHIGAN MUTUAL INSURANCE COMPANY,,
2027,"H9590 - LONGEVITY HEALTH PLAN OF ILLINOIS, INC.",,
2027,"H9615 - MVP HEALTH PLAN, INC.",,
2027,H9623 - Ventura County Medi-Cal Managed Care Commission,,
2027,"H9630 - ARKANSAS HEALTH & WELLNESS HEALTH PLAN, INC.",,
2027,"H9678 - HEALTHFIRST INSURANCE COMPANY, INC.",https://d17y0kd1bpes7q.cloudfront.net/cms-mpf/CY2027/H9678/index.json,FHIR JSON
2027,"H9680 - MOLINA HEALTHCARE OF GEORGIA, INC.",,
2027,"H9686 - ALIGNMENT HEALTH PLAN OF NEVADA, INC.",https://mpf.alignmenthealth.com/mpf-provider-directory/H9686-cms-data-index.json,Machine-readable JSON
2027,H9690 - AMERICAN HEALTH PLAN OF INDIANA INC,https://api-ahp-prd.safhir.io/v1/api/provider-directory/metadata,FHIR JSON
2027,"H9699 - USABLE HMO, INC.",,
2027,H9700 - DEVOTED HEALTH PLAN OF NORTH CAROLINA INC,https://fhir.devoted.com/H9700/2026,FHIR JSON
2027,H9706 - HCSC INSURANCE SERVICES COMPANY,,
2027,"H9725 - BRAVO HEALTH PENNSYLVANIA, INC.",https://data.healthspring.healthlx.com:8003/,FHIR JSON
2027,"H9730 - WELLCARE HEALTH INSURANCE COMPANY OF KENTUCKY, INC",,
2027,H9771 - AETNA BETTER HEALTH PREMIER PLAN MMAI INC.,https://apif1.aetna.com/fhir/v1/providerdirectorydata/healthcareservice https://apif1.aetna.com/fhir/v1/providerdirectorydata/insuranceplan https://apif1.aetna.com/fhir/v1/providerdirectorydata/location https://apif1.aetna.com/fhir/v1/providerdirectorydata/organization https://apif1.aetna.com/fhir/v1/providerdirectorydata/organizationaffiliation https://apif1.aetna.com/fhir/v1/providerdirectorydata/practitioner https://apif1.aetna.com/fhir/v1/providerdirectorydata/practitionerrole,FHIR JSON
2027,H9802 - DEVOTED HEALTH INSURANCE COMPANY OF NEBRASKA,https://fhir.devoted.com/H9802/2026,FHIR JSON
2027,H9808 - CARE N' CARE INSURANCE COMPANY OF NORTH CAROLINA,,
2027,"H9826 - COMMUNITY HEALTH CHOICE TEXAS, INC.",https://providerdirectory.communityhealthchoice.org/him/providers.json,Machine-readable JSON
2027,"H9827 - MOUNT CARMEL HEALTH PLAN OF NEW YORK, INC.",,
2027,H9834 - QUARTZ HEALTH PLAN MN CORPORATION,,
2027,H9862 - DEVOTED HEALTH INSURANCE COMPANY OF CONNECTICUT,https://fhir.devoted.com/H9862/2027,FHIR JSON
2027,H9884 - DEVOTED HEALTH INSURANCE COMPANY,https://fhir.devoted.com/H9884/2026,FHIR JSON
2027,H9888 - DEVOTED HEALTH INSURANCE COMPANY OF ALABAMA INC,https://fhir.devoted.com/H9888/2026,FHIR JSON
2027,H9907 - TUFTS ASSOCIATED HEALTH MAINTENANCE ORGANIZATION,,
2027,"H9909 - AMERICAN HEALTH PLAN OF MS, INC.",https://api-ahp-prd.safhir.io/v1/api/provider-directory/metadata,FHIR JSON
2027,"H9917 - ALIGN SENIOR CARE FLORIDA, INC.",,
2027,H9942 - LONGEVITY HEALTH PLAN OF NEW JERSEY INSURANCE COMP,,
2027,"H9955 - MOLINA HEALTHCARE OF OHIO, INC.",,
2027,H9968 - AMERICAN HEALTH PLAN OF PENNSYLVANIA INC,https://api-ahp-prd.safhir.io/v1/api/provider-directory/metadata,FHIR JSON
2027,"H9977 - DEVOTED HEALTH PLAN OF NEW MEXICO, INC.",https://fhir.devoted.com/H9977/2026,FHIR JSON
2027,"H9986 - HPMP OF FLORIDA, INC.",,
2027,R0110 - HUMANA INSURANCE COMPANY,https://fhir.humana.com/api,FHIR JSON
2027,R0759 - CARE IMPROVEMENT PLUS SOUTH CENTRAL INSURANCE CO.,,
2027,R1366 - CLOVER INSURANCE COMPANY,,
2027,R1532 - HUMANA INSURANCE COMPANY,https://fhir.humana.com/api,FHIR JSON
2027,R2604 - CARE IMPROVEMENT PLUS SOUTH CENTRAL INSURANCE CO.,,
2027,R3444 - CARE IMPROVEMENT PLUS SOUTH CENTRAL INSURANCE CO.,,
2027,R4182 - HUMANA INSURANCE COMPANY,https://fhir.humana.com/api,FHIR JSON
2027,R5361 - HUMANA INSURANCE COMPANY,https://fhir.humana.com/api,FHIR JSON
2027,R5826 - HUMANA INSURANCE COMPANY,https://fhir.humana.com/api,FHIR JSON
2027,"R5941 - ANTHEM INSURANCE COMPANIES, INC.",,
2027,R6694 - AETNA LIFE INSURANCE COMPANY,https://apif1.aetna.com/fhir/v1/providerdirectorydata/healthcareservice https://apif1.aetna.com/fhir/v1/providerdirectorydata/insuranceplan https://apif1.aetna.com/fhir/v1/providerdirectorydata/location https://apif1.aetna.com/fhir/v1/providerdirectorydata/organization https://apif1.aetna.com/fhir/v1/providerdirectorydata/organizationaffiliation https://apif1.aetna.com/fhir/v1/providerdirectorydata/practitioner https://apif1.aetna.com/fhir/v1/providerdirectorydata/practitionerrole,FHIR JSON
2027,R6801 - CARE IMPROVEMENT PLUS SOUTH CENTRAL INSURANCE CO.,,
2027,R7220 - HUMANA INSURANCE COMPANY,https://fhir.humana.com/api,FHIR JSON
